GenericMotorType,15001,ObjectType
GenericMotorType_Speed,15002,Variable
GenericMotorType_Speed_Definition,15003,Variable
GenericMotorType_Speed_ValuePrecision,15004,Variable
GenericMotorType_Speed_InstrumentRange,15005,Variable
GenericMotorType_Speed_EURange,15006,Variable
GenericMotorType_Speed_EngineeringUnits,15007,Variable
GenericSensorType,15008,ObjectType
GenericSensorType_Output,15009,Variable
GenericSensorType_Output_Definition,15010,Variable
GenericSensorType_Output_ValuePrecision,15011,Variable
GenericSensorType_Output_InstrumentRange,15012,Variable
GenericSensorType_Output_EURange,15013,Variable
GenericSensorType_Output_EngineeringUnits,15014,Variable
GenericSensorType_Units,15015,Variable
GenericActuatorType,15016,ObjectType
GenericActuatorType_Input,15017,Variable
GenericActuatorType_Input_Definition,15018,Variable
GenericActuatorType_Input_ValuePrecision,15019,Variable
GenericActuatorType_Input_InstrumentRange,15020,Variable
GenericActuatorType_Input_EURange,15021,Variable
GenericActuatorType_Input_EngineeringUnits,15022,Variable
GenericActuatorType_Output,15023,Variable
GenericActuatorType_Output_Definition,15024,Variable
GenericActuatorType_Output_ValuePrecision,15025,Variable
GenericActuatorType_Output_InstrumentRange,15026,Variable
GenericActuatorType_Output_EURange,15027,Variable
GenericActuatorType_Output_EngineeringUnits,15028,Variable
LoadcellTransmitterType,15029,ObjectType
LoadcellTransmitterType_Output,15030,Variable
LoadcellTransmitterType_Output_Definition,15031,Variable
LoadcellTransmitterType_Output_ValuePrecision,15032,Variable
LoadcellTransmitterType_Output_InstrumentRange,15033,Variable
LoadcellTransmitterType_Output_EURange,15034,Variable
LoadcellTransmitterType_Output_EngineeringUnits,15035,Variable
LoadcellTransmitterType_Units,15036,Variable
LoadcellTransmitterType_ExcitationVoltage,15037,Variable
LoadcellTransmitterType_ExcitationVoltage_Definition,15038,Variable
LoadcellTransmitterType_ExcitationVoltage_ValuePrecision,15039,Variable
LoadcellTransmitterType_ExcitationVoltage_InstrumentRange,15040,Variable
LoadcellTransmitterType_ExcitationVoltage_EURange,15041,Variable
LoadcellTransmitterType_ExcitationVoltage_EngineeringUnits,15042,Variable
ValveType,15043,ObjectType
ValveType_Input,15044,Variable
ValveType_Input_Definition,15045,Variable
ValveType_Input_ValuePrecision,15046,Variable
ValveType_Input_InstrumentRange,15047,Variable
ValveType_Input_EURange,15048,Variable
ValveType_Input_EngineeringUnits,15049,Variable
ValveType_Output,15050,Variable
ValveType_Output_Definition,15051,Variable
ValveType_Output_ValuePrecision,15052,Variable
ValveType_Output_InstrumentRange,15053,Variable
ValveType_Output_EURange,15054,Variable
ValveType_Output_EngineeringUnits,15055,Variable
MixerMotorType,15056,ObjectType
MixerMotorType_Speed,15057,Variable
MixerMotorType_Speed_Definition,15058,Variable
MixerMotorType_Speed_ValuePrecision,15059,Variable
MixerMotorType_Speed_InstrumentRange,15060,Variable
MixerMotorType_Speed_EURange,15061,Variable
MixerMotorType_Speed_EngineeringUnits,15062,Variable
MixerType,15063,ObjectType
MixerType_LoadcellTransmitter,15064,Object
MixerType_LoadcellTransmitter_Output,15065,Variable
MixerType_LoadcellTransmitter_Output_Definition,15066,Variable
MixerType_LoadcellTransmitter_Output_ValuePrecision,15067,Variable
MixerType_LoadcellTransmitter_Output_InstrumentRange,15068,Variable
MixerType_LoadcellTransmitter_Output_EURange,15069,Variable
MixerType_LoadcellTransmitter_Output_EngineeringUnits,15070,Variable
MixerType_LoadcellTransmitter_Units,15071,Variable
MixerType_LoadcellTransmitter_ExcitationVoltage,15072,Variable
MixerType_LoadcellTransmitter_ExcitationVoltage_Definition,15073,Variable
MixerType_LoadcellTransmitter_ExcitationVoltage_ValuePrecision,15074,Variable
MixerType_LoadcellTransmitter_ExcitationVoltage_InstrumentRange,15075,Variable
MixerType_LoadcellTransmitter_ExcitationVoltage_EURange,15076,Variable
MixerType_LoadcellTransmitter_ExcitationVoltage_EngineeringUnits,15077,Variable
MixerType_MixerMotor,15078,Object
MixerType_MixerMotor_Speed,15079,Variable
MixerType_MixerMotor_Speed_Definition,15080,Variable
MixerType_MixerMotor_Speed_ValuePrecision,15081,Variable
MixerType_MixerMotor_Speed_InstrumentRange,15082,Variable
MixerType_MixerMotor_Speed_EURange,15083,Variable
MixerType_MixerMotor_Speed_EngineeringUnits,15084,Variable
MixerType_MixerDischargeValve,15085,Object
MixerType_MixerDischargeValve_Input,15086,Variable
MixerType_MixerDischargeValve_Input_Definition,15087,Variable
MixerType_MixerDischargeValve_Input_ValuePrecision,15088,Variable
MixerType_MixerDischargeValve_Input_InstrumentRange,15089,Variable
MixerType_MixerDischargeValve_Input_EURange,15090,Variable
MixerType_MixerDischargeValve_Input_EngineeringUnits,15091,Variable
MixerType_MixerDischargeValve_Output,15092,Variable
MixerType_MixerDischargeValve_Output_Definition,15093,Variable
MixerType_MixerDischargeValve_Output_ValuePrecision,15094,Variable
MixerType_MixerDischargeValve_Output_InstrumentRange,15095,Variable
MixerType_MixerDischargeValve_Output_EURange,15096,Variable
MixerType_MixerDischargeValve_Output_EngineeringUnits,15097,Variable
BatchPlantType,15098,ObjectType
BatchPlantType_Mixer,15099,Object
BatchPlantType_Mixer_LoadcellTransmitter,15100,Object
BatchPlantType_Mixer_LoadcellTransmitter_Output,15101,Variable
BatchPlantType_Mixer_LoadcellTransmitter_Output_Definition,15102,Variable
BatchPlantType_Mixer_LoadcellTransmitter_Output_ValuePrecision,15103,Variable
BatchPlantType_Mixer_LoadcellTransmitter_Output_InstrumentRange,15104,Variable
BatchPlantType_Mixer_LoadcellTransmitter_Output_EURange,15105,Variable
BatchPlantType_Mixer_LoadcellTransmitter_Output_EngineeringUnits,15106,Variable
BatchPlantType_Mixer_LoadcellTransmitter_Units,15107,Variable
BatchPlantType_Mixer_LoadcellTransmitter_ExcitationVoltage,15108,Variable
BatchPlantType_Mixer_LoadcellTransmitter_ExcitationVoltage_Definition,15109,Variable
BatchPlantType_Mixer_LoadcellTransmitter_ExcitationVoltage_ValuePrecision,15110,Variable
BatchPlantType_Mixer_LoadcellTransmitter_ExcitationVoltage_InstrumentRange,15111,Variable
BatchPlantType_Mixer_LoadcellTransmitter_ExcitationVoltage_EURange,15112,Variable
BatchPlantType_Mixer_LoadcellTransmitter_ExcitationVoltage_EngineeringUnits,15113,Variable
BatchPlantType_Mixer_MixerMotor,15114,Object
BatchPlantType_Mixer_MixerMotor_Speed,15115,Variable
BatchPlantType_Mixer_MixerMotor_Speed_Definition,15116,Variable
BatchPlantType_Mixer_MixerMotor_Speed_ValuePrecision,15117,Variable
BatchPlantType_Mixer_MixerMotor_Speed_InstrumentRange,15118,Variable
BatchPlantType_Mixer_MixerMotor_Speed_EURange,15119,Variable
BatchPlantType_Mixer_MixerMotor_Speed_EngineeringUnits,15120,Variable
BatchPlantType_Mixer_MixerDischargeValve,15121,Object
BatchPlantType_Mixer_MixerDischargeValve_Input,15122,Variable
BatchPlantType_Mixer_MixerDischargeValve_Input_Definition,15123,Variable
BatchPlantType_Mixer_MixerDischargeValve_Input_ValuePrecision,15124,Variable
BatchPlantType_Mixer_MixerDischargeValve_Input_InstrumentRange,15125,Variable
BatchPlantType_Mixer_MixerDischargeValve_Input_EURange,15126,Variable
BatchPlantType_Mixer_MixerDischargeValve_Input_EngineeringUnits,15127,Variable
BatchPlantType_Mixer_MixerDischargeValve_Output,15128,Variable
BatchPlantType_Mixer_MixerDischargeValve_Output_Definition,15129,Variable
BatchPlantType_Mixer_MixerDischargeValve_Output_ValuePrecision,15130,Variable
BatchPlantType_Mixer_MixerDischargeValve_Output_InstrumentRange,15131,Variable
BatchPlantType_Mixer_MixerDischargeValve_Output_EURange,15132,Variable
BatchPlantType_Mixer_MixerDischargeValve_Output_EngineeringUnits,15133,Variable
BatchPlantType_Mixer_DischargeValve,15134,Object
BatchPlantType_Mixer_DischargeValve_Input,15135,Variable
BatchPlantType_StartProcess,15136,Method
BatchPlantType_StopProcess,15137,Method
BatchPlant1,15138,Object
BatchPlant1_Mixer,15139,Object
BatchPlant1_Mixer_LoadcellTransmitter,15140,Object
BatchPlant1_Mixer_LoadcellTransmitter_Output,15141,Variable
BatchPlant1_Mixer_LoadcellTransmitter_Output_Definition,15142,Variable
BatchPlant1_Mixer_LoadcellTransmitter_Output_ValuePrecision,15143,Variable
BatchPlant1_Mixer_LoadcellTransmitter_Output_InstrumentRange,15144,Variable
BatchPlant1_Mixer_LoadcellTransmitter_Output_EURange,15145,Variable
BatchPlant1_Mixer_LoadcellTransmitter_Output_EngineeringUnits,15146,Variable
BatchPlant1_Mixer_LoadcellTransmitter_Units,15147,Variable
BatchPlant1_Mixer_LoadcellTransmitter_ExcitationVoltage,15148,Variable
BatchPlant1_Mixer_LoadcellTransmitter_ExcitationVoltage_Definition,15149,Variable
BatchPlant1_Mixer_LoadcellTransmitter_ExcitationVoltage_ValuePrecision,15150,Variable
BatchPlant1_Mixer_LoadcellTransmitter_ExcitationVoltage_InstrumentRange,15151,Variable
BatchPlant1_Mixer_LoadcellTransmitter_ExcitationVoltage_EURange,15152,Variable
BatchPlant1_Mixer_LoadcellTransmitter_ExcitationVoltage_EngineeringUnits,15153,Variable
BatchPlant1_Mixer_MixerMotor,15154,Object
BatchPlant1_Mixer_MixerMotor_Speed,15155,Variable
BatchPlant1_Mixer_MixerMotor_Speed_Definition,15156,Variable
BatchPlant1_Mixer_MixerMotor_Speed_ValuePrecision,15157,Variable
BatchPlant1_Mixer_MixerMotor_Speed_InstrumentRange,15158,Variable
BatchPlant1_Mixer_MixerMotor_Speed_EURange,15159,Variable
BatchPlant1_Mixer_MixerMotor_Speed_EngineeringUnits,15160,Variable
BatchPlant1_Mixer_MixerDischargeValve,15161,Object
BatchPlant1_Mixer_MixerDischargeValve_Input,15162,Variable
BatchPlant1_Mixer_MixerDischargeValve_Input_Definition,15163,Variable
BatchPlant1_Mixer_MixerDischargeValve_Input_ValuePrecision,15164,Variable
BatchPlant1_Mixer_MixerDischargeValve_Input_InstrumentRange,15165,Variable
BatchPlant1_Mixer_MixerDischargeValve_Input_EURange,15166,Variable
BatchPlant1_Mixer_MixerDischargeValve_Input_EngineeringUnits,15167,Variable
BatchPlant1_Mixer_MixerDischargeValve_Output,15168,Variable
BatchPlant1_Mixer_MixerDischargeValve_Output_Definition,15169,Variable
BatchPlant1_Mixer_MixerDischargeValve_Output_ValuePrecision,15170,Variable
BatchPlant1_Mixer_MixerDischargeValve_Output_InstrumentRange,15171,Variable
BatchPlant1_Mixer_MixerDischargeValve_Output_EURange,15172,Variable
BatchPlant1_Mixer_MixerDischargeValve_Output_EngineeringUnits,15173,Variable
BatchPlant1_Mixer_DischargeValve,15174,Object
BatchPlant1_Mixer_DischargeValve_Input,15175,Variable
BatchPlant1_StartProcess,15176,Method
BatchPlant1_StopProcess,15177,Method
